Episode,Score
0,5345.600000000001
1,124.70000000000005
2,179.59999999999997
3,184.09999999999997
4,146.89999999999998
5,290.0
6,140.59999999999997
7,266.9
8,270.20000000000005
9,1224.9
10,752.5
11,50.89999999999998
12,-33.0
13,38.0
